PaymentID,AccountHolderName,BankAccountNumber,RoutingNumber,AccountType
3,John Doe,0x303030313233343536373839,111000111,Checking
5,Oliver Hernandez,0x303030393837363534333231,222000222,Savings
7,Sophia Wright,0x303030313131313232323233,333000333,Checking
9,Lucas Long,0x303030343434343535353536,444000444,Savings
11,Ella King,0x303030373737373838383839,555000555,Checking
13,Logan Ward,0x303030313233343536373839,666000666,Savings
15,Mia Ramirez,0x303030323334353637383930,777000777,Checking
17,Jackson Bush,0x303030333435363738393031,888000888,Savings
19,Scarlett Fisher,0x303030343536373839303132,999000999,Checking
21,Aiden Saunders,0x303030353637383930313233,101010101,Savings
23,Chloe Vargas,0x303030363738393031323334,111111111,Checking
25,Carter Luna,0x303030373839303132333435,121212121,Savings
27,Madison Harvey,0x303030383930313233343536,131313131,Checking
29,Alexander Nguyen,0x303030393031323334353637,141414141,Savings
