PaymentID,CardNumber,Name,CardType,ExpiryDate
1,0x31323334353637383930313233343536,John Doe,Visa,2025-12-31
2,0x36353433323130393837363534333231,Jane Smith,MasterCard,2024-11-30
4,0x39383736353433323130313233343536,Alice Brown,American Express,2023-10-31
6,0x31323330313233303132333031323330,Mia Ramirez,Discover,2024-08-30
8,0x34353637383930313233343536373839,Carter Luna,Visa,2025-11-28
10,0x37383930313233343536373839303132,Madison Harvey,MasterCard,2023-09-30
12,0x32333435363738393031323334353637,Alexander Nguyen,American Express,2024-12-31
14,0x33343536373839303132333435363738,Luna Bryan,Discover,2025-10-31
16,0x34353637383930313233343536373839,Henry Carr,Visa,2023-11-30
18,0x35363738393031323334353637383930,Aria Cooper,MasterCard,2024-08-30
20,0x36373839303132333435363738393031,Leo Flynn,American Express,2025-09-30
22,0x37383930313233343536373839303132,Grace Lambert,Discover,2023-10-31
24,0x38393031323334353637383930313233,Jack Collier,Visa,2024-12-31
26,0x39303132333435363738393031323334,Avery Whitaker,MasterCard,2025-11-30
28,0x30313233343536373839303132333435,Milo Drake,American Express,2023-09-30
30,0x31323334353637383930313233343536,Evelyn McBride,Discover,2024-10-31
31,0x39383736353433323130313233343536,John Doe,Visa,2025-12-31
32,0x38373635343332313039383736353433,Jane Smith,MasterCard,2024-11-30
33,0x37363534333231303938373635343332,Alice Brown,American Express,2023-10-31
34,0x36353433323130393837363534333231,Mia Ramirez,Discover,2024-08-30
35,0x35343332313031323330313233303132,Carter Luna,Visa,2025-11-28
36,0x34333231303937383930313233343536,Madison Harvey,MasterCard,2023-09-30
37,0x33323130393832333435363738393031,Alexander Nguyen,American Express,2024-12-31
38,0x32313039383733343536373839303132,Luna Bryan,Discover,2025-10-31
39,0x31303938373634353637383930313233,Henry Carr,Visa,2023-11-30
40,0x30393837363535363738393031323334,Aria Cooper,MasterCard,2024-08-30
