CustomerID,FirstName,LastName,Email,Password,Phone,Address,City,State,ZIP
1,John,Doe,johndoe@email.com,0x70617373776F7264313233,1234567890,123 Elm St,Amherst,MA,12345
2,Jane,Smith,janesmith@email.com,0x70617373776F7264343536,0987654321,456 Oak St,Boston,MA,67890
3,Alice,Brown,alicebrown@email.com,0x70617373776F7264373839,1122334455,789 Pine St,Springfield,MA,10112
4,Alice,Brown,alicebrown@email.com,0x70617373776F7264373839,1122334455,789 Pine St,Springfield,MA,10112
5,Emily,Davis,emilydavis@email.com,0x70617373776F7264323032,8765432109,202 Oak St,Quincy,MA,34567
6,Frank,Miller,frankmiller@email.com,0x70617373776F7264333033,7654321098,303 Pine St,Amherst,MA,45678
7,Grace,Anderson,graceanderson@email.com,0x70617373776F7264343034,6543210987,404 Elm St,Boston,MA,56789
8,Henry,White,henrywhite@email.com,0x70617373776F7264353035,5432109876,505 Maple St,Springfield,MA,67890
9,Ivy,Thompson,ivythompson@email.com,0x70617373776F7264363036,4321098765,606 Oak St,Brookline,MA,78901
10,Jack,Lee,jacklee@email.com,0x70617373776F7264373037,3210987654,707 Pine St,Quincy,MA,89012
11,Kate,Wilson,katewilson@email.com,0x70617373776F7264383038,2109876543,808 Elm St,Amherst,MA,90123
12,Leo,Evans,leoevans@email.com,0x70617373776F7264393039,1098765432,909 Oak St,Boston,MA,01234
13,Mia,Martinez,miamartinez@email.com,0x70617373776F7264303130,0987654321,1010 Maple St,Springfield,MA,12345
14,Noah,Hernandez,noahhernandez@email.com,0x70617373776F7264313131,9876543210,111 Oak St,Brookline,MA,23456
15,Olivia,Lopez,olivialopez@email.com,0x70617373776F7264323132,8765432109,212 Pine St,Quincy,MA,34567
16,Peter,Garcia,petergarcia@email.com,0x70617373776F7264333133,7654321098,313 Elm St,Amherst,MA,45678
17,Quinn,Perez,quinnperez@email.com,0x70617373776F7264343134,6543210987,414 Oak St,Boston,MA,56789
18,Ryan,Turner,ryanturner@email.com,0x70617373776F7264353135,5432109876,515 Maple St,Springfield,MA,67890
19,Sara,Harris,saraharris@email.com,0x70617373776F7264363136,4321098765,616 Oak St,Quincy,MA,78901
20,Tyler,Scott,tylerscott@email.com,0x70617373776F7264373137,3210987654,717 Pine St,Quincy,MA,89012
21,Zoe,Wright,zoewright@email.com,0x70617373776F7264383138,2109876543,818 Elm St,Amherst,MA,90123
22,Adam,Baker,adambaker@email.com,0x70617373776F7264393139,1098765432,919 Oak St,Boston,MA,01234
23,Benjamin,Green,benjamingreen@email.com,0x70617373776F7264303230,0987654321,2020 Maple St,Springfield,MA,12345
24,Charlotte,Ross,charlotteross@email.com,0x70617373776F7264313231,9876543210,121 Oak St,Brookline,MA,23456
25,Daniel,Ward,danielward@email.com,0x70617373776F7264323232,8765432109,222 Pine St,Quincy,MA,34567
26,Emma,King,emmaking@email.com,0x70617373776F7264333233,7654321098,323 Elm St,Amherst,MA,45678
27,Finn,Turner,finnturner@email.com,0x70617373776F7264343234,6543210987,424 Oak St,Boston,MA,56789
28,Grace,Perez,graceperez@email.com,0x70617373776F7264353235,5432109876,525 Maple St,Springfield,MA,67890
29,Henry,Taylor,henrytaylor@email.com,0x70617373776F7264363236,4321098765,626 Oak St,Brookline,MA,78901
30,Isabella,Harris,isabellaharris@email.com,0x70617373776F7264373237,3210987654,727 Pine St,Quincy,MA,89012
31,Jackson,Scott,jacksonscott@email.com,0x70617373776F7264383238,2109876543,828 Elm St,Amherst,MA,90123
32,Kylie,Baker,kyliebaker@email.com,0x70617373776F7264393239,1098765432,929 Oak St,Boston,MA,01234
33,Liam,Green,liamgreen@email.com,0x70617373776F7264303330,0987654321,3030 Maple St,Springfield,MA,12345
34,Mia,Ross,miaross@email.com,0x70617373776F7264313331,9876543210,131 Oak St,Springfield,MA,23456
35,Noah,Ward,noahward@email.com,0x70617373776F7264323332,8765432109,232 Pine St,Boston,MA,34567
36,Olivia,King,oliviaking@email.com,0x70617373776F7264333333,7654321098,333 Elm St,Amherst,MA,45678
37,Peter,Turner,peterturner@email.com,0x70617373776F7264343334,6543210987,434 Oak St,Boston,MA,56789
38,Quinn,Perez,quinnperez@email.com,0x70617373776F7264353335,5432109876,535 Maple St,Amherst,MA,67890
39,Ryan,Taylor,ryantaylor@email.com,0x70617373776F7264363336,4321098765,636 Oak St,Amherst,MA,78901
40,Sara,Harris,saraharris@email.com,0x70617373776F7264373337,3210987654,737 Pine St,Amherst,MA,89012
