EmployeeID,FirstName,LastName,Email,Phone,Designation
1,Alice,Johnson,alicej@email.com,1112223333,Manager
2,Bob,Williams,bobw@email.com,4445556666,Assistant
3,Charlie,Davis,charlied@email.com,7778889999,Supervisor
4,David,Smith,david.smith@email.com,5554567890,Manager
5,Emily,Wilson,emily.wilson@email.com,5555678901,Assistant
6,Frank,Brown,frank.brown@email.com,5556789012,Supervisor
7,Grace,Smith,grace.smith@email.com,5557890123,Manager
8,Henry,Davis,henry.davis@email.com,5558901234,Assistant
9,Isabella,Johnson,isabella.johnson@email.com,5559012345,Supervisor
10,Jacob,Williams,jacob.williams@email.com,5550123456,Manager
11,Katherine,Davis,katherine.davis@email.com,5551234567,Assistant
12,Liam,Smith,liam.smith@email.com,5552345678,Supervisor
13,Mia,Wilson,mia.wilson@email.com,5553456789,Manager
14,Noah,Brown,noah.brown@email.com,5554567890,Assistant
15,Olivia,Davis,olivia.davis@email.com,5555678901,Supervisor
16,Patrick,Smith,patrick.smith@email.com,5556789012,Manager
17,Quinn,Johnson,quinn.johnson@email.com,5557890123,Assistant
18,Rachel,Wilson,rachel.wilson@email.com,5558901234,Supervisor
19,Samuel,Brown,samuel.brown@email.com,5559012345,Manager
20,Taylor,Davis,taylor.davis@email.com,5550123456,Assistant
21,Michael,Johnson,michael@email.com,5551234567,Manager
22,Emily,Wilson,emily@email.com,5552345678,Assistant
23,Daniel,Brown,daniel@email.com,5553456789,Supervisor
24,Olivia,Smith,olivia@email.com,5554567890,Manager
25,Sophia,Davis,sophia@email.com,5555678901,Assistant
26,Ethan,Wilson,ethan@email.com,5556789012,Supervisor
27,Mia,Brown,mia@email.com,5557890123,Manager
28,Liam,Smith,liam@email.com,5558901234,Assistant
29,Ava,Davis,ava@email.com,5559012345,Supervisor
30,Noah,Wilson,noah@email.com,5550123456,Manager
31,Liam,Brown,liam@email.com,5551234567,Assistant
32,Olivia,Davis,olivia@email.com,5552345678,Supervisor
33,Ella,Smith,ella@email.com,5553456789,Manager
34,James,Wilson,james@email.com,5554567890,Assistant
35,Sophia,Davis,sophia@email.com,5555678901,Supervisor
36,Oliver,Brown,oliver@email.com,5556789012,Manager
37,Ella,Smith,ella@email.com,5557890123,Assistant
38,Liam,Davis,liam@email.com,5558901234,Supervisor
39,Olivia,Wilson,olivia@email.com,5559012345,Manager
40,Sophia,Brown,sophia@email.com,5550123456,Assistant
