InsuranceID,Premium,Details
1,100,Basic Coverage
2,200,Extended Coverage
3,300,Premium Coverage
4,120,Enhanced Coverage
5,180,Comprehensive Coverage
6,250,Premium Plus Coverage
7,150,Standard Coverage
8,220,Ultimate Coverage
9,130,Enhanced Plus Coverage
10,190,Deluxe Coverage
11,260,Platinum Coverage
12,170,Premium Deluxe Coverage
13,230,Elite Coverage
14,140,Superior Coverage
15,200,Executive Coverage
16,270,Diamond Coverage
17,160,Elite Deluxe Coverage
18,240,Supreme Coverage
19,110,Basic Plus Coverage
20,280,Platinum Deluxe Coverage
21,250,Gold Coverage
22,120,Ultimate Deluxe Coverage
23,200,Premium Executive Coverage
24,180,Super Coverage
25,150,Deluxe Plus Coverage
26,230,Signature Coverage
27,140,Elite Plus Coverage
28,210,Platinum Plus Coverage
29,160,Premium Supreme Coverage
30,190,Executive Deluxe Coverage
31,200,Gold Deluxe Coverage
32,220,Supreme Deluxe Coverage
33,230,Diamond Deluxe Coverage
34,240,Elite Supreme Coverage
35,250,Signature Deluxe Coverage
36,260,Platinum Supreme Coverage
37,270,Gold Supreme Coverage
38,280,Diamond Supreme Coverage
39,120,Executive Supreme Coverage
40,130,Platinum Executive Coverage
