PaymentID,TransactionID,CustomerID,PaymentType
1,1,1,Card
2,2,2,Card
3,3,3,BankTransfer
4,4,4,Card
5,5,5,BankTransfer
6,6,6,Card
7,7,7,BankTransfer
8,8,8,Card
9,9,9,BankTransfer
10,10,10,Card
11,11,11,BankTransfer
12,12,12,Card
13,13,13,BankTransfer
14,14,14,Card
15,15,15,BankTransfer
16,16,16,Card
17,17,17,BankTransfer
18,18,18,Card
19,19,19,BankTransfer
20,20,20,Card
21,21,21,BankTransfer
22,22,22,Card
23,23,23,BankTransfer
24,24,24,Card
25,25,25,BankTransfer
26,26,26,Card
27,27,27,BankTransfer
28,28,28,Card
29,29,29,BankTransfer
30,30,30,Card
31,31,31,Card
32,32,32,Card
33,33,33,Card
34,34,34,Card
35,35,35,Card
36,36,36,Card
37,37,37,Card
38,38,38,Card
39,39,39,Card
40,40,40,Card
