VehicleID,TruckType,Ramp,Mileage,FuelType
1,Flatbed,Hydraulic,10000,Diesel
2,Box,Manual,12000,Gasoline
5,Refrigerated,Hydraulic,8000,Diesel
7,Box,Manual,9500,Gasoline
9,Flatbed,Hydraulic,11000,Diesel
11,Box,Automatic,8500,Gasoline
13,Refrigerated,Hydraulic,7500,Diesel
15,Flatbed,Automatic,9200,Gasoline
17,Refrigerated,Hydraulic,7800,Diesel
19,Box,Manual,10500,Gasoline
21,Flatbed,Automatic,8900,Diesel
23,Refrigerated,Hydraulic,7200,Diesel
25,Box,Manual,9800,Gasoline
27,Flatbed,Automatic,8500,Diesel
29,Refrigerated,Hydraulic,6800,Diesel
31,Box,Manual,9300,Gasoline
33,Flatbed,Automatic,9100,Diesel
34,Refrigerated,Automatic,9500,Diesel
35,Refrigerated,Hydraulic,7600,Diesel
36,Flatbed,Manual,11000,Gasoline
37,Box,Manual,10200,Gasoline
38,Box,Automatic,8000,Diesel
39,Flatbed,Automatic,8800,Diesel
40,Tanker,Manual,10500,Gasoline
50,Box,Manual,12000,Gasoline
51,Flatbed,Automatic,9500,Diesel
52,Box,Manual,11000,Gasoline
53,Flatbed,Automatic,8000,Diesel
54,Box,Manual,13000,Gasoline
55,Flatbed,Automatic,9200,Diesel
56,Box,Manual,10500,Gasoline
57,Flatbed,Automatic,8700,Diesel
58,Box,Manual,11500,Gasoline
59,Flatbed,Automatic,8900,Diesel
60,Box,Manual,12500,Gasoline
