VehicleID,DockingAreaID,VehicleType,RegistrationNumber,CurrentLocation,StorageSpaceSize
1,1,Truck,REG001,100 Main Street,26
2,1,Trailer,REG002,100 Main Street,12
3,2,Truck,REG003,200 Oak Street,20
4,2,Trailer,REG004,200 Oak Street,58
5,3,Truck,REG005,300 Pine Road,17
6,3,Trailer,REG006,300 Pine Road,7
7,6,Truck,REG007,600 Maple Street,26
8,6,Trailer,REG008,600 Maple Street,12
9,5,Truck,REG009,500 Birch Lane,10
10,5,Trailer,REG010,500 Birch Lane,9
11,1,Truck,REG011,101 Main Street,26
12,1,Trailer,REG012,101 Main Street,12
13,2,Truck,REG013,200 Oak Street,9
14,2,Trailer,REG014,200 Oak Street,8
15,3,Truck,REG015,300 Pine Road,26
16,3,Trailer,REG016,300 Pine Road,7
17,4,Truck,REG017,400 Elm Avenue,20
18,4,Trailer,REG018,400 Elm Avenue,8
19,6,Truck,REG019,600 Maple Street,26
20,6,Trailer,REG020,600 Maple Street,12
21,1,Truck,REG021,101 Main Street,26
22,1,Trailer,REG022,101 Main Street,12
23,2,Truck,REG023,201 Oak Street,20
24,2,Trailer,REG024,201 Oak Street,8
25,3,Truck,REG025,301 Pine Road,17
26,3,Trailer,REG026,301 Pine Road,7
27,4,Truck,REG027,401 Elm Avenue,15
28,4,Trailer,REG028,401 Elm Avenue,7
29,5,Truck,REG029,501 Birch Lane,10
30,5,Trailer,REG030,501 Birch Lane,9
31,1,Truck,REG031,102 Main Street,8
32,1,Trailer,REG032,102 Main Street,7
33,2,Truck,REG033,202 Oak Street,9
34,2,Truck,REG034,202 Oak Street,8
35,3,Truck,REG035,302 Pine Road,26
36,3,Truck,REG036,302 Pine Road,7
37,4,Truck,REG037,402 Elm Avenue,20
38,4,Truck,REG038,402 Elm Avenue,8
39,5,Truck,REG039,502 Birch Lane,17
40,5,Truck,REG040,502 Birch Lane,7
41,6,Truck,REG041,600 Maple Street,26
42,6,Trailer,REG042,600 Maple Street,12
43,1,Truck,REG043,101 Main Street,20
44,1,Trailer,REG044,101 Main Street,58
45,2,Truck,REG045,200 Oak Street,17
46,2,Trailer,REG046,200 Oak Street,7
47,3,Truck,REG047,300 Pine Road,15
48,3,Trailer,REG048,300 Pine Road,12
49,4,Truck,REG049,400 Elm Avenue,10
50,4,Trailer,REG050,400 Elm Avenue,9
51,5,Truck,REG051,500 Birch Lane,8
52,5,Truck,REG052,500 Birch Lane,8
53,6,Truck,REG053,600 Maple Street,9
54,6,Truck,REG054,600 Maple Street,8
55,1,Truck,REG055,101 Main Street,26
56,1,Truck,REG056,101 Main Street,12
57,2,Truck,REG057,200 Oak Street,20
58,2,Truck,REG058,200 Oak Street,8
59,3,Truck,REG059,300 Pine Road,17
60,3,Truck,REG060,300 Pine Road,7
